date,recession,db_adjclose,db_ret,long_rate,slope,sov_spread_bp,d_long_rate,d_slope,d_sov_spread_bp
2004-10-01,0,26.78,0.02960399846212991,3.926536,1.475495,5.781500000000017,-0.13915099999999958,4.8000000000492093e-5,0.82529999999994
2004-11-01,0,28.65,0.06982823002240468,3.82285,1.4521699999999997,4.451500000000008,-0.10368600000000017,-0.023325000000000262,-1.330000000000009
2004-12-01,0,29.36,0.024781849912739906,3.705391,1.231627,2.4545999999999957,-0.11745899999999976,-0.2205429999999997,-1.9969000000000126
2005-01-01,0,29.32,-0.0013623978201634523,3.555916,1.167277,2.1241000000000287,-0.14947500000000025,-0.06435000000000013,-0.33049999999996693
2005-02-01,0,30.17,0.02899045020463853,3.710944,1.2221449999999998,2.121700000000004,0.15502800000000017,0.05486799999999992,-0.0024000000000246047
2005-03-01,0,30.29,0.003977461054027076,3.654529,1.182967,3.8813999999999904,-0.05641499999999988,-0.03917799999999971,1.7596999999999863
2005-04-01,0,28.7,-0.05249257180587652,3.481846,1.236373,4.704100000000011,-0.17268300000000014,0.05340599999999984,0.8227000000000206
2005-05-01,0,28.75,0.0017421602787457413,3.32337,1.15645,4.177699999999973,-0.15847599999999984,-0.07992299999999997,-0.526400000000038
2005-06-01,0,30.28,0.05321739130434788,3.200185,1.1914439999999997,3.8432000000000244,-0.12318500000000032,0.03499399999999975,-0.3344999999999487
2005-07-01,0,33.45,0.10468956406869223,3.263496,1.0671659999999998,4.872900000000024,0.06331100000000012,-0.12427799999999989,1.0297
2005-08-01,0,32.85,-0.017937219730941756,3.134155,0.9519909999999996,4.542900000000039,-0.12934100000000015,-0.11517500000000025,-0.32999999999998586
2005-09-01,0,36.41,0.1083713850837138,3.155055,0.825542,3.951400000000005,0.02090000000000014,-0.1264489999999996,-0.5915000000000337
2005-10-01,0,36.56,0.004119747322164358,3.404296,0.813901,0.6988999999999912,0.24924100000000005,-0.011641000000000012,-3.2525000000000137
2005-11-01,0,38.89,0.06373085339168494,3.459306,0.694531,4.46749999999998,0.055010000000000225,-0.11936999999999998,3.7685999999999886
2005-12-01,0,38.32,-0.014656724093597306,3.205643,0.4002009999999996,8.223800000000026,-0.2536630000000004,-0.2943300000000004,3.7563000000000457
2006-01-01,0,41.35,0.07907098121085587,3.470593,0.5375510000000001,3.3475000000000144,0.26495000000000024,0.13735000000000053,-4.876300000000011
2006-02-01,0,43.6,0.054413542926239344,3.480539,0.475749,4.320800000000036,0.009945999999999788,-0.061802000000000135,0.9733000000000214
2006-03-01,0,44.45,0.019495412844036775,3.778159,0.5036719999999999,3.815500000000016,0.2976200000000002,0.02792299999999992,-0.5053000000000196
2006-04-01,0,45.9,0.03262092238470182,3.972634,0.589642,5.175999999999981,0.19447500000000018,0.0859700000000001,1.3604999999999645
2006-05-01,0,42.23,-0.07995642701525063,3.963984,0.5933549999999999,3.1430999999999987,-0.008650000000000269,0.0037129999999998553,-2.032899999999982
2006-06-01,0,41.5,-0.01728628936774801,4.061455,0.5087039999999994,4.164500000000082,0.09747099999999964,-0.08465100000000048,1.0214000000000834
2006-07-01,0,43.77,0.05469879518072296,3.912682,0.414447,6.002099999999988,-0.14877299999999938,-0.09425699999999937,1.837599999999906
2006-08-01,0,43.24,-0.01210875028558378,3.743506,0.242089,7.461999999999991,-0.16917600000000022,-0.172358,1.4599000000000029
2006-09-01,0,46.15,0.0672987974098056,3.663617,0.14624900000000007,6.0424000000000255,-0.0798890000000001,-0.09583999999999993,-1.4195999999999653
2006-10-01,0,47.83,0.03640303358613228,3.721678,0.08703799999999973,6.8994,0.05806099999999992,-0.05921100000000035,0.8569999999999744
2006-11-01,0,47.22,-0.012753501986201066,3.663722,0.06682699999999997,6.743200000000016,-0.057955999999999896,-0.020210999999999757,-0.15619999999998413
2006-12-01,0,49.15,0.04087251164760697,3.911845,0.0895229999999998,6.417399999999995,0.2481230000000001,0.022695999999999827,-0.3258000000000205
2007-01-01,0,52.59,0.06998982706002055,4.064024,0.14844100000000005,3.5236000000000267,0.15217899999999984,0.05891800000000025,-2.8937999999999686
2007-02-01,0,48.48,-0.07815173987450097,3.918204,0.11940899999999965,3.9185000000000247,-0.14582000000000006,-0.02903200000000039,0.39489999999999803
2007-03-01,0,49.26,0.016089108910891214,4.024396,0.07650800000000046,3.776899999999994,0.10619200000000051,-0.04290099999999919,-0.1416000000000306
2007-04-01,0,55.35,0.12362971985383675,4.131063,0.06678799999999985,3.97179999999997,0.10666699999999985,-0.009720000000000617,0.19489999999997565
2007-05-01,0,55.23,-0.0021680216802169028,4.368949,0.05814899999999934,3.5084000000000337,0.2378859999999996,-0.008639000000000507,-0.4633999999999361
2007-06-01,0,54.55,-0.012312149194278477,4.509836,0.1255879999999996,4.361999999999977,0.1408870000000002,0.06743900000000025,0.8535999999999433
2007-07-01,0,51.06,-0.06397800183318048,4.356365,0.07907900000000012,7.799800000000001,-0.1534709999999997,-0.04650899999999947,3.437800000000024
2007-08-01,0,45.86,-0.10184097140618886,4.32262,0.29237499999999983,7.275600000000004,-0.03374500000000058,0.2132959999999997,-0.5241999999999969
2007-09-01,0,45.73,-0.0028347143480157433,4.378139,0.3464010000000002,5.410399999999971,0.05551900000000032,0.05402600000000035,-1.8652000000000335
2007-10-01,0,46.58,0.018587360594795488,4.288441,0.23036799999999946,4.763099999999998,-0.08969800000000028,-0.11603300000000072,-0.6472999999999729
2007-11-01,0,45.43,-0.02468870759982822,4.214501,0.39365000000000006,6.901899999999994,-0.07393999999999945,0.1632820000000006,2.1387999999999963
2007-12-01,0,45.24,-0.004182258419546558,4.376064,0.36177100000000006,5.464499999999983,0.16156300000000012,-0.03187899999999999,-1.437400000000011
2008-01-01,0,38.03,-0.15937223695844382,4.047324,0.6242829999999997,7.904599999999995,-0.3287400000000007,0.26251199999999963,2.4401000000000117
2008-02-01,0,37.58,-0.011832763607678265,4.061381,0.8590619999999998,9.709199999999996,0.014057000000000208,0.23477900000000007,1.8046000000000006
2008-03-01,0,36.28,-0.03459286854709942,4.130928,0.5353829999999999,8.124399999999987,0.06954700000000003,-0.32367899999999983,-1.5848000000000084
2008-04-01,1,38.95,0.07359426681367154,4.31828,0.4616559999999996,6.496800000000036,0.18735199999999974,-0.07372700000000032,-1.6275999999999513
2008-05-01,1,34.78,-0.10706033376123236,4.518585,0.23741099999999982,9.8306,0.20030500000000018,-0.2242449999999998,3.3337999999999646
2008-06-01,1,29.59,-0.14922369177688333,4.731762,0.11236999999999941,12.902500000000039,0.21317699999999995,-0.1250410000000004,3.0719000000000385
2008-07-01,1,32.15,0.08651571476850273,4.526609,0.2126380000000001,11.910299999999996,-0.20515300000000014,0.10026800000000069,-0.992200000000043
2008-08-01,1,32.62,0.014618973561430826,4.344467,0.21126500000000004,14.207000000000036,-0.1821419999999998,-0.0013730000000000686,2.2967000000000404
2008-09-01,1,27.76,-0.14898835070508876,4.338168,0.7515599999999996,16.262600000000038,-0.006299000000000277,0.5402949999999995,2.055600000000002
2008-10-01,1,16.5,-0.4056195965417868,4.254813,1.5790400000000004,20.50169999999998,-0.08335499999999918,0.8274800000000009,4.23909999999994
2008-11-01,1,15.68,-0.049696969696969684,3.773932,1.3980489999999999,22.87450000000004,-0.48088100000000056,-0.18099100000000057,2.372800000000062
2008-12-01,1,15.6,-0.005102040816326481,3.688186,1.5505339999999999,23.503600000000002,-0.08574599999999988,0.15248499999999998,0.629099999999962
2009-01-01,1,11.6,-0.2564102564102564,4.022975,2.2357179999999994,18.827900000000053,0.3347889999999998,0.6851839999999996,-4.675699999999949
2009-02-01,1,11.65,0.004310344827586299,3.852831,2.29594,29.083400000000026,-0.17014399999999963,0.06022200000000044,10.255499999999973
2009-03-01,1,16.98,0.45751072961373396,3.773289,2.3117270000000003,32.319899999999976,-0.079542,0.01578700000000044,3.2364999999999498
2009-04-01,1,22.78,0.3415783274440518,3.786677,2.2601440000000004,29.187299999999983,0.013387999999999955,-0.051582999999999934,-3.132599999999993
2009-05-01,1,26.51,0.16374012291483764,4.179407,2.6507840000000003,23.312199999999983,0.39273000000000025,0.3906399999999999,-5.8751
2009-06-01,1,24.46,-0.07732930969445495,3.987464,2.48616,23.03639999999998,-0.1919430000000002,-0.16462400000000033,-0.2758000000000038
2009-07-01,0,25.71,0.05110384300899429,3.741084,2.307638,19.67030000000003,-0.24638000000000027,-0.17852200000000007,-3.3660999999999497
2009-08-01,0,26.82,0.043173862310385,3.679817,2.22042,19.22130000000002,-0.06126699999999996,-0.08721800000000002,-0.4490000000000087
2009-09-01,0,29.7,0.10738255033557054,3.635107,2.307928,22.02090000000001,-0.044709999999999805,0.08750800000000014,2.799599999999991
2009-10-01,0,28.06,-0.05521885521885528,3.678018,2.2489229999999996,21.328800000000037,0.0429109999999997,-0.05900500000000042,-0.6920999999999751
2009-11-01,0,27.22,-0.029935851746258013,3.569885,2.232386,24.474899999999966,-0.10813299999999959,-0.01653699999999958,3.1460999999999295
2009-12-01,0,27.99,0.02828802351212345,3.759529,2.3807,14.239999999999986,0.18964399999999992,0.14831400000000006,-10.23489999999998
2010-01-01,0,25.13,-0.10217934976777421,3.663043,2.415207,20.898700000000005,-0.09648600000000007,0.034507000000000065,6.658700000000019
2010-02-01,0,26.41,0.05093513728611221,3.487951,2.463197,33.84560000000003,-0.17509200000000025,0.04798999999999998,12.946900000000028
2010-03-01,0,32.3,0.2230215827338129,3.462697,2.4104919999999996,31.588899999999988,-0.025253999999999888,-0.052705000000000446,-2.256700000000045
2010-04-01,0,29.6,-0.0835913312693497,3.396532,2.385045,36.731399999999994,-0.06616499999999981,-0.025446999999999775,5.142500000000005
2010-05-01,0,27.41,-0.07398648648648654,2.995305,2.429231,66.56429999999997,-0.401227,0.04418600000000028,29.83289999999998
2010-06-01,0,26.86,-0.020065669463699365,3.025257,2.3321229999999997,77.5557,0.029951999999999757,-0.09710800000000042,10.991400000000027
2010-07-01,0,30.82,0.1474311243484736,3.008491,2.1366449999999997,67.52350000000003,-0.01676600000000006,-0.19547800000000004,-10.032199999999975
2010-08-01,0,28.51,-0.07495133030499668,2.477799,1.8539320000000001,87.4825,-0.5306919999999997,-0.28271299999999955,19.958999999999975
2010-09-01,0,25.3,-0.11259207295685725,2.672249,1.7729279999999998,81.3761,0.1944499999999998,-0.0810040000000003,-6.106400000000008
2010-10-01,0,26.1,0.031620553359683834,2.857754,1.795461,65.6844,0.18550500000000003,0.022533000000000136,-15.691699999999997
2010-11-01,0,23.06,-0.11647509578544069,3.107874,2.1225099999999997,94.9592,0.2501199999999999,0.3270489999999997,29.2748
2010-12-01,0,24.64,0.06851691240242852,3.361703,2.433013,76.26710000000006,0.2538290000000001,0.3105030000000002,-18.69209999999994
2011-01-01,0,27.21,0.10430194805194803,3.493013,2.011438,73.45000000000002,0.13131000000000004,-0.4215749999999998,-2.817100000000039
2011-02-01,0,29.36,0.0790150679897097,3.48991,1.9619630000000001,72.8657,-0.003102999999999856,-0.049474999999999936,-0.5843000000000131
2011-03-01,0,26.15,-0.10933242506811991,3.657761,1.8667629999999997,70.2998,0.16785099999999975,-0.0952000000000004,-2.565899999999999
2011-04-01,0,27.79,0.06271510516252388,3.55415,1.6952829999999999,86.62229999999997,-0.1036109999999999,-0.17147999999999985,16.322499999999962
2011-05-01,0,26.1,-0.06081324217344364,3.365377,1.6938490000000002,83.84209999999999,-0.18877299999999986,-0.0014339999999997133,-2.7801999999999794
2011-06-01,0,26.16,0.0022988505747125743,3.407358,1.7537179999999999,91.7055,0.041980999999999824,0.05986899999999973,7.863400000000013
2011-07-01,0,24.73,-0.054663608562691146,3.057386,1.737589,137.23000000000002,-0.34997199999999973,-0.016128999999999838,45.52450000000002
2011-08-01,0,18.13,-0.26688232915487264,2.763444,1.904003,120.33470000000004,-0.29394200000000037,0.16641399999999984,-16.895299999999978
2011-09-01,0,16.9,-0.06784335355763926,2.483376,1.7374759999999998,150.62130000000002,-0.280068,-0.1665270000000001,30.28659999999998
2011-10-01,1,19.48,0.15266272189349128,2.788549,1.9795310000000002,156.16679999999997,0.30517300000000036,0.24205500000000035,5.545499999999947
2011-11-01,1,18.37,-0.05698151950718677,3.071947,2.3292140000000003,178.06199999999995,0.28339800000000004,0.3496830000000002,21.89519999999999
2011-12-01,1,18.9,0.028851388132825173,2.645128,2.2389110000000003,163.14600000000002,-0.42681900000000006,-0.09030300000000002,-14.91599999999994
2012-01-01,1,20.79,0.10000000000000009,2.665752,2.215861,135.47150000000002,0.020623999999999754,-0.02305000000000046,-27.674499999999995
2012-02-01,1,22.51,0.08273208273208277,2.590988,2.218282,118.93570000000003,-0.07476400000000005,0.0024210000000000065,-16.535799999999995
2012-03-01,1,23.95,0.06397156819191463,2.599159,2.2065680000000003,119.11729999999996,0.008171000000000372,-0.011713999999999558,0.18159999999993204
2012-04-01,1,21.1,-0.1189979123173277,2.471095,2.152518,136.17,-0.12806400000000018,-0.054050000000000153,17.05270000000003
2012-05-01,1,18.67,-0.11516587677725121,1.88707,1.718254,178.12199999999999,-0.584025,-0.4342640000000002,41.952
2012-06-01,1,18.3,-0.019817889662560262,2.315738,2.0471,161.01769999999996,0.42866800000000005,0.32884599999999997,-17.104300000000023
2012-07-01,1,16.39,-0.10437158469945351,1.871463,1.894357,180.0215,-0.444275,-0.15274299999999985,19.00380000000004
2012-08-01,1,18.63,0.13666870042708967,1.914441,1.899589,172.4205,0.04297799999999996,0.005231999999999903,-7.600999999999999
2012-09-01,1,20.26,0.08749329039184128,1.940148,1.868847,146.553,0.025706999999999924,-0.030742000000000047,-25.867500000000007
2012-10-01,1,23.04,0.13721618953603154,1.9495,1.863859,128.52890000000002,0.009352000000000027,-0.0049879999999999924,-18.024099999999976
2012-11-01,1,22.37,-0.02907986111111105,1.795105,1.7586249999999999,127.0397,-0.15439500000000006,-0.10523400000000005,-1.4892000000000252
2012-12-01,1,21.71,-0.02950379973178363,1.722533,1.735557,128.43370000000002,-0.07257199999999986,-0.023067999999999866,1.3940000000000197
2013-01-01,1,25.18,0.1598341777982495,2.020655,1.7053630000000002,112.66889999999998,0.298122,-0.030193999999999832,-15.764800000000037
2013-02-01,1,23.12,-0.08181096108022234,1.880492,1.7781550000000002,125.6439,-0.14016300000000004,0.07279199999999997,12.975000000000023
2013-03-01,1,20.04,-0.13321799307958482,1.759226,1.692639,137.5207,-0.1212660000000001,-0.08551600000000015,11.876800000000003
2013-04-01,0,23.01,0.14820359281437145,1.550318,1.507492,114.5297,-0.20890799999999987,-0.18514699999999995,-22.991
2013-05-01,0,23.77,0.03302911777488049,1.842756,1.714922,109.1951,0.292438,0.20743,-5.334600000000009
2013-06-01,0,21.64,-0.08960875052587292,2.137255,1.837669,109.36909999999997,0.29449900000000007,0.12274699999999994,0.17399999999997817
2013-07-01,0,22.82,0.054528650646950005,1.95495,1.770441,127.21329999999999,-0.18230500000000016,-0.06722800000000007,17.844200000000015
2013-08-01,0,22.05,-0.033742331288343586,2.173576,1.900794,98.25089999999999,0.2186260000000002,0.13035300000000016,-28.962400000000002
2013-09-01,0,22.84,0.03582766439909291,2.054939,1.8356130000000002,96.88949999999998,-0.1186370000000001,-0.06518099999999993,-1.3614000000000033
2013-10-01,0,23.98,0.04991243432574444,1.951829,1.803116,87.6055,-0.10311000000000003,-0.03249700000000022,-9.283999999999978
2013-11-01,0,23.89,-0.003753127606338613,1.986584,1.8440759999999998,86.135,0.03475499999999987,0.040959999999999885,-1.4705000000000013
2013-12-01,0,23.34,-0.023022185014650476,2.24088,1.9926110000000001,80.69249999999997,0.2542960000000003,0.1485350000000003,-5.442500000000038
2014-01-01,0,24.16,0.03513281919451594,1.894604,1.787012,78.079,-0.34627600000000025,-0.2055990000000001,-2.6134999999999735
2014-02-01,0,23.72,-0.018211920529801362,1.880142,1.724667,73.47200000000001,-0.014461999999999975,-0.062345000000000095,-4.606999999999985
2014-03-01,0,21.86,-0.07841483979763908,1.822119,1.650326,73.5133,-0.058022999999999936,-0.07434099999999999,0.041299999999992565
2014-04-01,0,21.38,-0.021957913998170153,1.720765,1.563166,69.5214,-0.10135399999999994,-0.0871599999999999,-3.991900000000001
2014-05-01,0,20,-0.06454630495790459,1.557918,1.4940829999999998,70.34120000000001,-0.16284700000000019,-0.06908300000000023,0.819800000000015
2014-06-01,0,18.59,-0.07050000000000001,1.438463,1.422048,65.1513,-0.11945499999999987,-0.07203499999999985,-5.189900000000009
2014-07-01,0,18.58,-5.379236148467248e-4,1.338315,1.332676,62.406800000000004,-0.10014800000000013,-0.08937200000000001,-2.744500000000002
2014-08-01,0,18.84,0.013993541442411273,1.031518,1.0789149999999998,61.98190000000001,-0.306797,-0.2537610000000001,-0.42489999999999384
2014-09-01,0,20.1,0.06687898089171984,1.05885,1.1553520000000002,62.269,0.027332000000000134,0.07643700000000031,0.28709999999998814
2014-10-01,0,18,-0.10447761194029859,0.963836,1.046505,63.76199999999999,-0.09501400000000004,-0.10884700000000014,1.492999999999995
2014-11-01,0,19.02,0.05666666666666664,0.801524,0.868225,57.506299999999996,-0.162312,-0.17828,-6.255699999999997
2014-12-01,0,18.08,-0.04942166140904314,0.648632,0.764892,57.98169999999999,-0.15289200000000003,-0.10333300000000001,0.4753999999999934
2015-01-01,0,18.67,0.03263274336283195,0.39362,0.535718,54.8402,-0.25501199999999996,-0.229174,-3.1414999999999864
2015-02-01,0,21.25,0.13818960899839294,0.369133,0.570145,49.9027,-0.024487000000000037,0.034426999999999985,-4.9375
2015-03-01,0,23.41,0.10164705882352942,0.26393,0.4883,50.3631,-0.10520299999999999,-0.081845,0.4603999999999999
2015-04-01,0,20.78,-0.11234515164459624,0.416846,0.623451,54.37650000000001,0.152916,0.13515099999999997,4.013400000000004
2015-05-01,0,19.84,-0.045235803657362905,0.609009,0.835812,64.43249999999999,0.19216300000000003,0.21236100000000002,10.055999999999983
2015-06-01,0,20,0.008064516129032251,0.952841,1.181132,74.0669,0.343832,0.34532000000000007,9.634400000000014
2015-07-01,0,23.77,0.1884999999999999,0.728639,0.9846140000000001,62.2533,-0.224202,-0.19651799999999997,-11.813600000000001
2015-08-01,0,19.5,-0.17963819941102233,0.820057,1.03891,64.2234,0.091418,0.0542959999999999,1.970099999999995
2015-09-01,0,17.87,-0.08358974358974358,0.703349,0.940253,60.00319999999999,-0.11670800000000003,-0.098657,-4.2202000000000055
2015-10-01,0,18.91,0.058198097369893675,0.629988,0.943419,51.72970000000001,-0.07336100000000001,0.003166000000000002,-8.273499999999984
2015-11-01,0,18.04,-0.046007403490216814,0.580391,0.983329,46.99909999999999,-0.049597,0.03991,-4.730600000000017
2015-12-01,0,16.72,-0.07317073170731714,0.76897,1.115249,49.106099999999984,0.18857900000000005,0.13191999999999993,2.106999999999992
2016-01-01,0,12.17,-0.2721291866028708,0.43939,0.905492,54.05340000000001,-0.32958000000000004,-0.20975699999999997,4.947300000000027
2016-02-01,0,11.87,-0.02465078060805259,0.218828,0.7544770000000001,64.5166,-0.220562,-0.1510149999999999,10.463199999999986
2016-03-01,0,11.1,-0.06486941870261165,0.262592,0.753047,52.54829999999999,0.043764,-0.0014300000000000423,-11.968300000000006
2016-04-01,0,12.23,0.10180180180180187,0.343195,0.8456319999999999,62.705499999999994,0.08060299999999998,0.09258499999999992,10.157200000000003
2016-05-01,0,11.92,-0.025347506132461173,0.222408,0.747851,60.84799999999999,-0.12078699999999998,-0.0977809999999999,-1.8575000000000017
2016-06-01,0,9.15,-0.23238255033557043,-0.104426,0.556519,66.6527,-0.326834,-0.19133200000000006,5.804700000000004
2016-07-01,0,8.93,-0.024043715846994607,-0.151797,0.5014850000000001,62.0424,-0.04737099999999998,-0.055033999999999916,-4.610299999999995
2016-08-01,0,9.81,0.0985442329227324,-0.11769399999999999,0.535097,57.7779,0.034102999999999994,0.033611999999999975,-4.264499999999998
2016-09-01,0,8.59,-0.1243628950050969,-0.162052,0.557733,60.203300000000006,-0.04435800000000001,0.02263599999999999,2.4254000000000033
2016-10-01,0,9.76,0.1362048894062864,0.142942,0.805922,60.3692,0.304994,0.248189,0.1658999999999935
2016-11-01,0,11.03,0.13012295081967218,0.274346,1.053486,71.9016,0.13140399999999997,0.2475639999999999,11.532400000000003
2016-12-01,0,12.8,0.16047144152311899,0.258126,1.058224,67.39070000000001,-0.016219999999999957,0.004738000000000131,-4.510899999999992
2017-01-01,0,13.65,0.06640625,0.496979,1.189076,78.90439999999998,0.23885299999999998,0.13085199999999997,11.513699999999972
2017-02-01,0,13.81,0.01172161172161168,0.252148,1.147365,84.3993,-0.24483100000000002,-0.041711000000000054,5.494900000000015
2017-03-01,0,13.43,-0.027516292541636567,0.381402,1.109756,80.90280000000001,0.12925400000000004,-0.037609000000000004,-3.4964999999999833
2017-04-01,0,13.75,0.023827252419955425,0.381992,1.114072,73.4876,5.899999999999794e-4,0.0043159999999999865,-7.415200000000013
2017-05-01,0,12.95,-0.05818181818181822,0.361687,1.097589,66.6274,-0.020305000000000017,-0.016483000000000025,-6.860200000000006
2017-06-01,0,13.06,0.008494208494208566,0.54092,1.1269559999999998,62.069200000000016,0.17923299999999998,0.02936699999999992,-4.558199999999978
2017-07-01,0,12.69,-0.02833078101071984,0.577101,1.2448890000000001,59.829100000000004,0.03618100000000002,0.11793300000000029,-2.2401000000000124
2017-08-01,0,11.33,-0.107171000788022,0.384654,1.11882,66.7525,-0.19244699999999998,-0.1260690000000002,6.923399999999994
2017-09-01,0,12.31,0.08649602824360114,0.516253,1.216211,69.96140000000001,0.13159899999999997,0.097391,3.208900000000014
2017-10-01,0,11.73,-0.04711616571892774,0.43855,1.183533,61.452,-0.07770299999999997,-0.032677999999999985,-8.509400000000014
2017-11-01,0,13.34,0.13725490196078427,0.437042,1.139187,58.545,-0.0015080000000000093,-0.044345999999999997,-2.9069999999999965
2017-12-01,0,13.35,7.496251874061777e-4,0.522043,1.15726,61.246,0.08500100000000005,0.018073000000000006,2.7010000000000005
2018-01-01,0,12.44,-0.06816479400749065,0.709876,1.234608,51.766100000000016,0.18783299999999992,0.07734799999999997,-9.479899999999986
2018-02-01,0,11.1,-0.10771704180064312,0.709144,1.28186,53.60689999999999,-7.319999999999549e-4,0.04725200000000007,1.8407999999999731
2018-03-01,0,9.53,-0.14144144144144144,0.548439,1.158395,47.1253,-0.160705,-0.12346499999999994,-6.481599999999986
2018-04-01,0,9.56,0.0031479538300105414,0.628679,1.1996630000000001,45.27430000000001,0.08023999999999998,0.04126800000000008,-1.850999999999992
2018-05-01,0,7.7,-0.19456066945606698,0.402467,1.0938240000000001,72.3407,-0.22621199999999997,-0.10583900000000002,27.066399999999987
2018-06-01,0,7.84,0.018181818181818077,0.379056,1.061075,64.577,-0.023411000000000015,-0.03274900000000014,-7.7637
2018-07-01,0,9.51,0.21301020408163263,0.45534,1.048415,63.27099999999999,0.07628400000000002,-0.012659999999999894,-1.3060000000000116
2018-08-01,0,8.25,-0.13249211356466872,0.371909,0.998864,84.06549999999999,-0.08343100000000003,-0.04955100000000012,20.7945
2018-09-01,0,8.36,0.013333333333333197,0.509128,1.054271,74.8138,0.13721900000000004,0.055406999999999984,-9.251699999999985
2018-10-01,0,7.36,-0.11961722488038262,0.434257,1.064157,81.1771,-0.07487100000000002,0.009886000000000061,6.363299999999995
2018-11-01,0,6.86,-0.06793478260869568,0.369032,1.0052210000000001,84.2065,-0.06522499999999998,-0.05893599999999988,3.0294000000000096
2018-12-01,0,5.92,-0.13702623906705547,0.316223,0.9744710000000001,84.9126,-0.05280900000000005,-0.030750000000000055,0.7060999999999922
2019-01-01,0,6.59,0.11317567567567566,0.187607,0.769789,75.8552,-0.12861599999999998,-0.20468200000000014,-9.057400000000001
2019-02-01,0,6.94,0.05311077389984842,0.228133,0.7656970000000001,75.93029999999999,0.040526000000000006,-0.0040919999999998735,0.07509999999999195
2019-03-01,0,6.17,-0.1109510086455332,-0.013429,0.60668,76.10379999999999,-0.241562,-0.15901700000000007,0.1735000000000042
2019-04-01,0,6.27,0.01620745542949753,0.076188,0.669975,59.858599999999996,0.089617,0.06329499999999999,-16.245199999999997
2019-05-01,0,5.18,-0.17384370015948958,-0.131734,0.555215,63.11059999999999,-0.207922,-0.11475999999999997,3.2519999999999953
2019-06-01,0,5.86,0.13127413127413146,-0.258894,0.486524,49.2147,-0.12716000000000002,-0.068691,-13.89589999999999
2019-07-01,0,6.09,0.03924914675767921,-0.390459,0.403354,43.836999999999996,-0.131565,-0.08317000000000002,-5.377700000000004
2019-08-01,0,5.68,-0.0673234811165846,-0.652681,0.2770410000000001,54.31739999999999,-0.26222199999999996,-0.1263129999999999,10.480399999999996
2019-09-01,0,5.94,0.045774647887323994,-0.52102,0.284601,48.543800000000005,0.13166099999999992,0.0075599999999999,-5.773599999999988
2019-10-01,0,5.62,-0.05387205387205396,-0.364559,0.32894699999999993,44.9139,0.15646100000000002,0.04434599999999994,-3.6299000000000063
2019-11-01,0,5.66,0.007117437722419906,-0.297304,0.34964399999999995,50.7096,0.06725500000000001,0.02069700000000002,5.795700000000004
2019-12-01,0,5.98,0.05653710247349819,-0.141614,0.47678,45.67059999999999,0.15569000000000002,0.12713600000000003,-5.039000000000009
2020-01-01,1,7.17,0.19899665551839463,-0.398208,0.281651,38.898700000000005,-0.256594,-0.195129,-6.771899999999988
2020-02-01,1,6.81,-0.05020920502092052,-0.571962,0.214186,54.877599999999994,-0.17375399999999996,-0.067465,15.978899999999989
2020-03-01,1,5.16,-0.2422907488986783,-0.414222,0.291701,79.256,0.15774,0.077515,24.378400000000006
2020-04-01,1,5.86,0.1356589147286822,-0.457709,0.24813100000000005,84.8255,-0.043487,-0.04356999999999994,5.569500000000005
2020-05-01,1,6.51,0.11092150170648463,-0.359221,0.274502,54.8149,0.09848799999999996,0.026370999999999978,-30.010600000000004
2020-06-01,1,7.32,0.12442396313364057,-0.45116,0.24307,52.30630000000001,-0.09193899999999999,-0.031432000000000015,-2.508599999999994
2020-07-01,0,6.57,-0.10245901639344257,-0.493455,0.21628900000000006,44.8734,-0.04229499999999997,-0.026780999999999944,-7.432900000000011
2020-08-01,0,6.94,0.05631659056316596,-0.370767,0.292445,43.635000000000005,0.12268799999999996,0.07615599999999995,-1.2383999999999915
2020-09-01,0,6.22,-0.10374639769452454,-0.495366,0.19675900000000002,41.649499999999996,-0.12459899999999996,-0.095686,-1.985500000000009
2020-10-01,0,6.83,0.09807073954983925,-0.603486,0.19731700000000008,45.9128,-0.10812,5.580000000000584e-4,4.263300000000001
2020-11-01,0,8.08,0.18301610541727675,-0.549684,0.202496,35.64379999999999,0.053802000000000016,0.005178999999999934,-10.269000000000005
2020-12-01,0,7.74,-0.04207920792079212,-0.570008,0.196847,37.5601,-0.02032400000000001,-0.005649000000000015,1.9163000000000068
2021-01-01,0,7.24,-0.06459948320413433,-0.512255,0.24092899999999995,35.669700000000006,0.05775299999999994,0.044081999999999955,-1.8903999999999925
2021-02-01,0,8.83,0.2196132596685083,-0.245739,0.4209339999999999,40.2949,0.266516,0.18000499999999997,4.625199999999992
2021-03-01,0,8.81,-0.0022650056625140857,-0.27865,0.44318799999999997,36.6796,-0.032910999999999996,0.02225400000000005,-3.6152999999999977
2021-04-01,0,10.04,0.13961407491486932,-0.179994,0.524698,38.20249999999999,0.09865600000000002,0.08151000000000003,1.5228999999999928
2021-05-01,0,10.55,0.05079681274900416,-0.146415,0.547166,39.8312,0.033579,0.022468000000000043,1.6287000000000091
2021-06-01,0,9.5,-0.09952606635071093,-0.203168,0.49434599999999995,40.48009999999999,-0.056753,-0.05282000000000009,0.6488999999999905
2021-07-01,0,9.22,-0.029473684210526208,-0.43988,0.363582,41.9878,-0.236712,-0.13076399999999994,1.507700000000007
2021-08-01,0,9.11,-0.011930585683297301,-0.392934,0.37236499999999995,41.515800000000006,0.04694599999999999,0.00878299999999993,-0.4719999999999942
2021-09-01,0,9.55,0.048298572996707145,-0.170187,0.550372,34.8391,0.222747,0.17800700000000003,-6.676700000000004
2021-10-01,0,9.64,0.009424083769633551,-0.069242,0.551211,45.8586,0.10094500000000001,8.390000000000342e-4,11.0195
2021-11-01,0,9.22,-0.04356846473029041,-0.35005,0.465252,49.9967,-0.28080799999999995,-0.08595900000000001,4.138099999999994
2021-12-01,0,9.53,0.03362255965292826,-0.1885,0.490641,50.7407,0.16154999999999997,0.025388999999999995,0.7439999999999998
2022-01-01,0,10.6,0.11227701993704087,0.027559,0.599916,46.9606,0.216059,0.10927500000000001,-3.7800999999999974
2022-02-01,0,9.74,-0.0811320754716981,0.215189,0.750606,60.141,0.18763,0.15069,13.180399999999999
2022-03-01,0,9.96,0.022587268993840004,0.617861,0.703882,56.4516,0.40267200000000003,-0.04672399999999999,-3.689399999999999
2022-04-01,0,8.33,-0.16365461847389562,0.939445,0.725913,65.9833,0.321584,0.022031000000000023,9.5317
2022-05-01,0,8.97,0.07683073229291715,1.219637,0.8618410000000001,67.83249999999998,0.2801920000000001,0.13592800000000005,1.849199999999982
2022-06-01,0,7.35,-0.1806020066889633,1.49844,0.855471,71.06150000000002,0.2788029999999999,-0.006370000000000098,3.229000000000042
2022-07-01,0,7.53,0.02448979591836742,0.928512,0.674121,76.58579999999999,-0.569928,-0.18135,5.524299999999968
2022-08-01,0,7.35,-0.02390438247011961,1.571382,0.495792,80.97039999999997,0.64287,-0.17832899999999996,4.384599999999978
2022-09-01,0,6.76,-0.08027210884353742,2.134773,0.46855400000000014,86.16009999999999,0.563391,-0.027237999999999873,5.189700000000016
2022-10-01,0,8.54,0.2633136094674555,2.239139,0.3188470000000001,78.23769999999999,0.10436600000000018,-0.14970700000000003,-7.922399999999996
2022-11-01,0,8.94,0.04683840749414525,1.993942,-0.04388099999999984,77.80429999999998,-0.2451970000000001,-0.36272799999999994,-0.433400000000006
2022-12-01,0,9.36,0.046979865771812124,2.555314,-0.010021999999999753,83.6729,0.561372,0.033859000000000083,5.868600000000015
2023-01-01,0,10.79,0.15277777777777768,2.321747,-0.1854300000000002,73.10370000000002,-0.2335670000000003,-0.17540800000000045,-10.56919999999998
2023-02-01,0,10.43,-0.033364226135310426,2.759397,-0.3225060000000002,73.93620000000003,0.4376500000000001,-0.13707599999999998,0.8325000000000102
2023-03-01,0,8.27,-0.2070949185043145,2.405373,-0.21249699999999994,74.08600000000001,-0.3540239999999999,0.11000900000000025,0.14979999999998483
2023-04-01,0,8.79,0.06287787182587667,2.444445,-0.2403590000000002,70.66189999999999,0.039071999999999996,-0.027862000000000275,-3.424100000000024
2023-05-01,0,8.37,-0.04778156996587035,2.383764,-0.26033899999999965,72.45689999999998,-0.06068099999999976,-0.019979999999999443,1.7949999999999875
2023-06-01,0,8.77,0.0477897252090802,2.507098,-0.6123099999999999,71.30399999999999,0.12333399999999983,-0.35197100000000026,-1.1528999999999883
2023-07-01,0,9.19,0.04789053591790182,2.543407,-0.4721409999999997,69.23399999999998,0.03630900000000015,0.1401690000000002,-2.0700000000000074
2023-08-01,0,9.17,-0.0021762785636560977,2.570607,-0.38427000000000033,67.88910000000001,0.02719999999999967,0.08787099999999937,-1.3448999999999671
2023-09-01,0,9.53,0.03925845147219187,2.876276,-0.28094600000000014,78.94040000000003,0.30566899999999997,0.1033240000000002,11.051300000000012
2023-10-01,0,9.45,-0.008394543546694666,2.822673,-0.165254,79.6504,-0.053602999999999845,0.11569200000000013,0.7099999999999795
2023-11-01,0,10.42,0.10264550264550265,2.528502,-0.27762200000000004,73.16859999999998,-0.29417099999999996,-0.11236800000000002,-6.481800000000021
2023-12-01,0,11.28,0.08253358925143939,2.080886,-0.3554599999999999,70.72530000000002,-0.447616,-0.07783799999999985,-2.443299999999965
2024-01-01,0,10.98,-0.02659574468085102,2.265802,-0.2079310000000003,64.56650000000002,0.18491599999999986,0.14752899999999958,-6.158799999999999
2024-02-01,0,11.27,0.026411657559198387,2.48011,-0.42113400000000034,58.19020000000003,0.21430799999999994,-0.21320300000000003,-6.376299999999986
2024-03-01,0,13.3,0.18012422360248448,2.359935,-0.4382609999999998,58.87469999999997,-0.1201749999999997,-0.017126999999999448,0.6844999999999359
2024-04-01,0,13.69,0.02932330827067653,2.63687,-0.35988700000000007,52.8381,0.27693499999999993,0.07837399999999972,-6.0365999999999715
2024-05-01,0,13.89,0.014609203798393144,2.701559,-0.3177889999999999,52.31159999999999,0.064689,0.04209800000000019,-0.5265000000000057
2024-06-01,0,13.99,0.007199424046076208,2.501911,-0.2974599999999996,69.61149999999998,-0.19964799999999983,0.020329000000000264,17.299899999999987
2024-07-01,0,13.55,-0.03145103645461045,2.32907,-0.25314499999999995,59.39269999999999,-0.17284100000000002,0.04431499999999966,-10.218799999999987
2024-08-01,0,13.84,0.021402214022140154,2.38883,0.029684000000000044,62.60430000000001,0.05975999999999981,0.282829,3.2116000000000184
2024-09-01,0,14.55,0.05130057803468224,2.236787,0.2025030000000001,62.59169999999998,-0.15204299999999993,0.17281900000000006,-0.012600000000027478
2024-10-01,0,14.67,0.008247422680412342,2.520946,0.2776329999999998,55.714899999999986,0.28415899999999983,0.0751299999999997,-6.876799999999996
2024-11-01,0,15.09,0.02862985685071573,2.185225,0.27321700000000004,58.25659999999999,-0.33572099999999994,-0.0044159999999997535,2.541700000000006
2024-12-01,0,15.62,0.03512259774685211,2.447304,0.436153,55.34810000000001,0.26207899999999995,0.16293599999999997,-2.9084999999999823
2025-01-01,0,17.78,0.1382842509603075,2.53043,0.47521499999999994,51.77119999999999,0.08312600000000003,0.03906199999999993,-3.576900000000016
2025-02-01,0,19.45,0.09392575928008995,2.469262,0.494726,51.3363,-0.06116799999999989,0.019511000000000056,-0.43489999999999185
2025-03-01,0,20.48,0.052956298200514285,2.781729,0.7870439999999999,51.40000000000002,0.31246699999999983,0.29231799999999986,0.06370000000001852
2025-04-01,0,21.57,0.05322265625,2.55755,0.858044,55.096899999999984,-0.2241789999999999,0.07100000000000017,3.696899999999964
2025-05-01,0,22.87,0.06026889197960128,2.610062,0.8294840000000001,49.62359999999997,0.052512000000000114,-0.02855999999999992,-5.473300000000016
2025-06-01,0,24.28,0.06165282028858776,2.679185,0.8342849999999999,49.39360000000001,0.06912299999999982,0.004800999999999833,-0.22999999999995424
2025-07-01,0,27.96,0.15156507413509068,2.76306,0.8268349999999998,46.733100000000015,0.08387499999999992,-0.007450000000000179,-2.660499999999999
2025-08-01,0,28.97,0.036123032904148644,2.785484,0.8641149999999997,50.644200000000026,0.022424,0.03727999999999998,3.911100000000012
2025-09-01,0,28.9,-0.0024162927166033743,2.778674,0.7878500000000002,47.32289999999999,-0.006809999999999761,-0.07626499999999958,-3.3213000000000363
2025-10-01,0,29.84,0.03252595155709348,2.721603,0.771957,43.60879999999998,-0.057071000000000094,-0.015893000000000157,-3.714100000000009
2025-11-01,0,29.53,-0.010388739946380676,2.773786,0.7651699999999999,41.13850000000001,0.05218299999999987,-0.0067870000000000985,-2.4702999999999733
2025-12-01,0,31.94,0.08161192008127327,2.948049,0.839594,37.459599999999995,0.17426300000000028,0.07442400000000005,-3.678900000000013
2026-01-01,0,32.13,0.005948653725735831,2.903383,0.8538159999999997,34.676100000000034,-0.04466600000000032,0.014221999999999735,-2.783499999999961
2026-02-01,0,29.23,-0.09025832555244329,2.726657,0.7461529999999998,36.81049999999999,-0.17672599999999994,-0.10766299999999984,2.1343999999999568
2026-03-01,0,24.23,-0.17105713308244952,3.072999,0.48401499999999986,43.7424,0.34634199999999993,-0.262138,6.931900000000013
2026-04-01,0,25.57,0.055303342963268776,3.093958,0.48806400000000005,41.540799999999976,0.020959000000000394,0.004049000000000191,-2.2016000000000275
2026-05-01,0,26.88,0.051231912397340595,3.016587,0.5159159999999998,36.43680000000003,-0.0773710000000003,0.027851999999999766,-5.1039999999999495
2026-06-01,0,30.48,0.1339285714285714,2.937997,0.4518120000000003,37.53069999999998,-0.07858999999999972,-0.0641039999999995,1.0938999999999552
